{
    "hs1": {
        "num": [8.799],
        "den": [0.00001099879, 1],
	"legend": "Teórico 1"
    },
    "hs2": {
        "num": [1.599968],
        "den": [0.00000199996, 1],
	"legend": "Teórico 2"
    },
    "hs3": {
        "num": [0.87999],
        "den": [0.0000010999879, 1],
	"legend": "Teórico 3"
    }
}