{
    "hs1": {
        "num": [8.799],
        "den": [0.00001099879, 1],
	"legend": "Teórico 1"
    },
        "hs2": {
        "num": [8.799],
        "den": [1, 0.00001099879],
	"legend": "Teórico 1"
    }
}